user_id,artista
21gt55n63swkgukdfd5tvfyni,Subze
0ouulsc6ctbz5ltg2omihfqwt,Bon Jovi
21gt55n63swkgukdfd5tvfyni,Subze
0ouulsc6ctbz5ltg2omihfqwt,Radiohead
11162160084,James Bay
0ouulsc6ctbz5ltg2omihfqwt,Ayzak Ewan
21gt55n63swkgukdfd5tvfyni,KHEA
21gt55n63swkgukdfd5tvfyni,FMK
11178273764,Tiësto
11178273764,Major Lazer
21gt55n63swkgukdfd5tvfyni,El Mala
21gt55n63swkgukdfd5tvfyni,Porta
21gt55n63swkgukdfd5tvfyni,Tobi
0ouulsc6ctbz5ltg2omihfqwt,Harry Styles
21gt55n63swkgukdfd5tvfyni,Charly Black
11178273764,Tiësto
21gt55n63swkgukdfd5tvfyni,Beret
11162160084,Aerosmith
0ouulsc6ctbz5ltg2omihfqwt,3AM
21gt55n63swkgukdfd5tvfyni,DJ Alex
21gt55n63swkgukdfd5tvfyni,Tobi
v5mpy3p5frqopl4neewnvnj68,Rombai
0ouulsc6ctbz5ltg2omihfqwt,Lvtin Mvfia
0ouulsc6ctbz5ltg2omihfqwt,Gera MX
31budo5i3nsrncwau6zqvka6hlgy,DJ Alex
0ouulsc6ctbz5ltg2omihfqwt,LA YOUNG
0ouulsc6ctbz5ltg2omihfqwt,Pink Floyd
21gt55n63swkgukdfd5tvfyni,Daddy Yankee
0ouulsc6ctbz5ltg2omihfqwt,The Neighbourhood
21gt55n63swkgukdfd5tvfyni,Quevedo
0ouulsc6ctbz5ltg2omihfqwt,Taylor Swift
21gt55n63swkgukdfd5tvfyni,XXXTENTACION
31budo5i3nsrncwau6zqvka6hlgy,Sofía Reyes
v5mpy3p5frqopl4neewnvnj68,Santi Mostaffa
0ouulsc6ctbz5ltg2omihfqwt,Conan Gray
312qstfzf22tj2gcjdiuvemhmwyq,Rei
312qstfzf22tj2gcjdiuvemhmwyq,TINI
11178273764,Pijama Party
11162160084,The Verve
v5mpy3p5frqopl4neewnvnj68,Agrupación Marilyn
0ouulsc6ctbz5ltg2omihfqwt,Pepe Aguilar
0ouulsc6ctbz5ltg2omihfqwt,Camila
0ouulsc6ctbz5ltg2omihfqwt,Eslabon Armado
21gt55n63swkgukdfd5tvfyni,Moonkey
11162160084,Hoobastank
v5mpy3p5frqopl4neewnvnj68,Pasandola Bomba
312qstfzf22tj2gcjdiuvemhmwyq,Emilia
0ouulsc6ctbz5ltg2omihfqwt,Paulo Londra
0ouulsc6ctbz5ltg2omihfqwt,Sin Bandera
11162160084,ATTLAS
312qstfzf22tj2gcjdiuvemhmwyq,La Pantera
31budo5i3nsrncwau6zqvka6hlgy,TINI
312qstfzf22tj2gcjdiuvemhmwyq,Sofía Reyes
0ouulsc6ctbz5ltg2omihfqwt,Moderatto
31budo5i3nsrncwau6zqvka6hlgy,Daddy Yankee
11178273764,VINAI
11162160084,"\\""Lo' Pibito"
0ouulsc6ctbz5ltg2omihfqwt,Gorillaz
21gt55n63swkgukdfd5tvfyni,Maite Perroni
21gt55n63swkgukdfd5tvfyni,Arcangel
0ouulsc6ctbz5ltg2omihfqwt,Olivia Rodrigo
0ouulsc6ctbz5ltg2omihfqwt,Post Malone
21gt55n63swkgukdfd5tvfyni,Chini Lee
11162160084,Harry Styles
312qstfzf22tj2gcjdiuvemhmwyq,Gorgon City
0ouulsc6ctbz5ltg2omihfqwt,Beach Bunny
v5mpy3p5frqopl4neewnvnj68,Los Palmeras
21gt55n63swkgukdfd5tvfyni,Darell
0ouulsc6ctbz5ltg2omihfqwt,Mora
312qstfzf22tj2gcjdiuvemhmwyq,Fuego
0ouulsc6ctbz5ltg2omihfqwt,De Los Santos
21gt55n63swkgukdfd5tvfyni,Lauv
0ouulsc6ctbz5ltg2omihfqwt,Sara Kays
0ouulsc6ctbz5ltg2omihfqwt,Carla Morrison
312qstfzf22tj2gcjdiuvemhmwyq,EL NOBA
11178273764,Marama
11162160084,The 1975
21gt55n63swkgukdfd5tvfyni,TINI
21gt55n63swkgukdfd5tvfyni,Soge Culebra
312qstfzf22tj2gcjdiuvemhmwyq,Coldplay
v5mpy3p5frqopl4neewnvnj68,JOHANA RODRIGUEZ
11178273764,Cheat Codes
0ouulsc6ctbz5ltg2omihfqwt,The Weeknd
0ouulsc6ctbz5ltg2omihfqwt,FMK
21gt55n63swkgukdfd5tvfyni,VICE MENTA
0ouulsc6ctbz5ltg2omihfqwt,Shania Twain
0ouulsc6ctbz5ltg2omihfqwt,Bruno Mars
0ouulsc6ctbz5ltg2omihfqwt,Camila Cabello
21gt55n63swkgukdfd5tvfyni,EL NOBA
0ouulsc6ctbz5ltg2omihfqwt,Banda MS de Sergio Lizárraga
v5mpy3p5frqopl4neewnvnj68,Julián Bruno
312qstfzf22tj2gcjdiuvemhmwyq,Cris Mj
v5mpy3p5frqopl4neewnvnj68,Callejeros
,One Direction
0ouulsc6ctbz5ltg2omihfqwt,Edwin Luna y La Trakalosa de Monterrey
0ouulsc6ctbz5ltg2omihfqwt,blink-182
v5mpy3p5frqopl4neewnvnj68,Viru Kumbieron
v5mpy3p5frqopl4neewnvnj68,Marita
0ouulsc6ctbz5ltg2omihfqwt,John Legend
,Dromedarios Mágicos
11162160084,The Killers
21gt55n63swkgukdfd5tvfyni,Rich Music LTD
21gt55n63swkgukdfd5tvfyni,XXXTENTACION
21gt55n63swkgukdfd5tvfyni,Kina
11162160084,El Cuarteto De Nos
11178273764,Drake
11178273764,Sam Feldt
312qstfzf22tj2gcjdiuvemhmwyq,Round Table Knights
0ouulsc6ctbz5ltg2omihfqwt,Virlan Garcia
21gt55n63swkgukdfd5tvfyni,Tobias Medrano
0ouulsc6ctbz5ltg2omihfqwt,El Bebeto
0ouulsc6ctbz5ltg2omihfqwt,Lord Huron
11162160084,Bon Jovi
11162160084,Tom Rosenthal
11162160084,Spandau Ballet
,Bruno Mars
11178273764,Coldplay
0ouulsc6ctbz5ltg2omihfqwt,Sech
11162160084,The Verve
0ouulsc6ctbz5ltg2omihfqwt,Perdidos De Sinaloa
21gt55n63swkgukdfd5tvfyni,WOS
11162160084,The Police
11162160084,U2
21gt55n63swkgukdfd5tvfyni,Zion & Lennox
v5mpy3p5frqopl4neewnvnj68,Miranda!
11162160084,Jason Mraz
0ouulsc6ctbz5ltg2omihfqwt,Bratty
21gt55n63swkgukdfd5tvfyni,Kronno Zomber
312qstfzf22tj2gcjdiuvemhmwyq,Alan Walker
v5mpy3p5frqopl4neewnvnj68,Fede Vigevani
11178273764,Maluma
0ouulsc6ctbz5ltg2omihfqwt,Lana Del Rey
11162160084,Vance Joy
21gt55n63swkgukdfd5tvfyni,Tiago PZK
11162160084,Whitesnake
21gt55n63swkgukdfd5tvfyni,Callejero Fino
0ouulsc6ctbz5ltg2omihfqwt,Cornelio Vega y su Dinastia
0ouulsc6ctbz5ltg2omihfqwt,Depeche Mode
11162160084,Bee Gees
11178273764,
,Tom Rosenthal
21gt55n63swkgukdfd5tvfyni,Chord Overstreet
11162160084,
21gt55n63swkgukdfd5tvfyni,"\\""La K'ong"
11178273764,Daddy Yankee
11162160084,Macaco
11162160084,TOTO
0ouulsc6ctbz5ltg2omihfqwt,Alien Ant Farm
31budo5i3nsrncwau6zqvka6hlgy,Feid
21gt55n63swkgukdfd5tvfyni,Beéle
21gt55n63swkgukdfd5tvfyni,
11162160084,Air Supply
312qstfzf22tj2gcjdiuvemhmwyq,Miley Cyrus
11162160084,Twenty One Pilots
v5mpy3p5frqopl4neewnvnj68,Agapornis
21gt55n63swkgukdfd5tvfyni,BTS
11162160084,"\\""Guns N' Rose"
11162160084,Divididos
0ouulsc6ctbz5ltg2omihfqwt,grandson
11162160084,Maroon 5
0ouulsc6ctbz5ltg2omihfqwt,La Septima Banda
0ouulsc6ctbz5ltg2omihfqwt,Jimi Hendrix
21gt55n63swkgukdfd5tvfyni,Yan Block
21gt55n63swkgukdfd5tvfyni,The La Planta
21gt55n63swkgukdfd5tvfyni,Mauri Mansilla
11178273764,VINAI
0ouulsc6ctbz5ltg2omihfqwt,Carin Leon
11162160084,flora cash
11178273764,Justin Bieber
21gt55n63swkgukdfd5tvfyni,18 Kilates
v5mpy3p5frqopl4neewnvnj68,Baby Lucka
0ouulsc6ctbz5ltg2omihfqwt,Nirvana
0ouulsc6ctbz5ltg2omihfqwt,K.Flay
0ouulsc6ctbz5ltg2omihfqwt,Joan Jett & the Blackhearts
21gt55n63swkgukdfd5tvfyni,El Rodri
21gt55n63swkgukdfd5tvfyni,Mozthaza
21gt55n63swkgukdfd5tvfyni,DJ Luian
v5mpy3p5frqopl4neewnvnj68,Marilina Bertoldi
21gt55n63swkgukdfd5tvfyni,Kidd Keo
0ouulsc6ctbz5ltg2omihfqwt,Ariel Camacho y Los Plebes Del Rancho
v5mpy3p5frqopl4neewnvnj68,L-Gante
21gt55n63swkgukdfd5tvfyni,Jhayco
v5mpy3p5frqopl4neewnvnj68,SOSA
0ouulsc6ctbz5ltg2omihfqwt,Christina Perri
312qstfzf22tj2gcjdiuvemhmwyq,Cali Y El Dandee
0ouulsc6ctbz5ltg2omihfqwt,One Direction
11162160084,Jeremy Zucker
0ouulsc6ctbz5ltg2omihfqwt,Duki
21gt55n63swkgukdfd5tvfyni,Trueno
21gt55n63swkgukdfd5tvfyni,Catalyna
11178273764,Tujamo
21gt55n63swkgukdfd5tvfyni,Fraag Malas
11178273764,Justin Mylo
0ouulsc6ctbz5ltg2omihfqwt,Babi
0ouulsc6ctbz5ltg2omihfqwt,Alexander Rybak
11162160084,Bryan Adams
312qstfzf22tj2gcjdiuvemhmwyq,Shakira
v5mpy3p5frqopl4neewnvnj68,Papu DJ
21gt55n63swkgukdfd5tvfyni,Juhn
0ouulsc6ctbz5ltg2omihfqwt,Banda Tierra Sagrada
31budo5i3nsrncwau6zqvka6hlgy,Quevedo
21gt55n63swkgukdfd5tvfyni,Tainy
0ouulsc6ctbz5ltg2omihfqwt,Lenny Kravitz
11178273764,LOAN
21gt55n63swkgukdfd5tvfyni,Super Yei
v5mpy3p5frqopl4neewnvnj68,Nestor En Bloque
21gt55n63swkgukdfd5tvfyni,BANDIDO
11162160084,Giveon
21gt55n63swkgukdfd5tvfyni,Javiielo
31budo5i3nsrncwau6zqvka6hlgy,Paulo Londra
0ouulsc6ctbz5ltg2omihfqwt,Eurythmics
0ouulsc6ctbz5ltg2omihfqwt,Evanescence
v5mpy3p5frqopl4neewnvnj68,LUVA
0ouulsc6ctbz5ltg2omihfqwt,Rels B
21gt55n63swkgukdfd5tvfyni,Cumbia a Fondo
11178273764,Diplo
0ouulsc6ctbz5ltg2omihfqwt,Justin Bieber
21gt55n63swkgukdfd5tvfyni,TINI
11162160084,The 1975
21gt55n63swkgukdfd5tvfyni,Lunay
,Justin Bieber
0ouulsc6ctbz5ltg2omihfqwt,Duncan Laurence
,Mike Bahía
,Ed Sheeran
11162160084,Europe
11162160084,Mancha De Rolando
312qstfzf22tj2gcjdiuvemhmwyq,TUDOR
0ouulsc6ctbz5ltg2omihfqwt,Princess Chelsea
11178273764,Dimitri Vegas & Like Mike
31budo5i3nsrncwau6zqvka6hlgy,Luar La L
21gt55n63swkgukdfd5tvfyni,Fátima Pinto
0ouulsc6ctbz5ltg2omihfqwt,Bring Me The Horizon
31budo5i3nsrncwau6zqvka6hlgy,Wisin & Yandel
0ouulsc6ctbz5ltg2omihfqwt,Mike Bahía
11162160084,Daniel Powter
,Sebastian Yatra
312qstfzf22tj2gcjdiuvemhmwyq,Nacho
11162160084,INXS
21gt55n63swkgukdfd5tvfyni,VICE MENTA
,Orión
11178273764,Sia
,CD9
0ouulsc6ctbz5ltg2omihfqwt,The 1975
0ouulsc6ctbz5ltg2omihfqwt,Hozier
11162160084,Lord Huron
21gt55n63swkgukdfd5tvfyni,Fer Palacio
0ouulsc6ctbz5ltg2omihfqwt,The Rolling Stones
v5mpy3p5frqopl4neewnvnj68,Migrantes
0ouulsc6ctbz5ltg2omihfqwt,The Walters
21gt55n63swkgukdfd5tvfyni,Duki
312qstfzf22tj2gcjdiuvemhmwyq,Trueno
21gt55n63swkgukdfd5tvfyni,Manuel Turizo
v5mpy3p5frqopl4neewnvnj68,Bizarrap
11178273764,Calvin Harris
312qstfzf22tj2gcjdiuvemhmwyq,FMK
11178273764,Martin Garrix
31budo5i3nsrncwau6zqvka6hlgy,Stars Music Chile
31budo5i3nsrncwau6zqvka6hlgy,Bizarrap
11178273764,Ozuna
0ouulsc6ctbz5ltg2omihfqwt,Andry Kiddos
0ouulsc6ctbz5ltg2omihfqwt,KAROL G
0ouulsc6ctbz5ltg2omihfqwt,Piso 21
21gt55n63swkgukdfd5tvfyni,Seven Kayne
11162160084,James Blunt
,Danny Ocean
312qstfzf22tj2gcjdiuvemhmwyq,Mauri Mansilla
0ouulsc6ctbz5ltg2omihfqwt,Sebastian Yatra
v5mpy3p5frqopl4neewnvnj68,Lucas Sugo
v5mpy3p5frqopl4neewnvnj68,The La Planta
11162160084,Berlin
11162160084,Kodaline
11162160084,Coldplay
11162160084,Conan Gray
31budo5i3nsrncwau6zqvka6hlgy,WOS
0ouulsc6ctbz5ltg2omihfqwt,Imagine Dragons
11162160084,The Killers
11162160084,Janet Suhh
0ouulsc6ctbz5ltg2omihfqwt,"\\""Guns N' Rose"
0ouulsc6ctbz5ltg2omihfqwt,Ruelle
21gt55n63swkgukdfd5tvfyni,Punto40
312qstfzf22tj2gcjdiuvemhmwyq,Ed Sheeran
11178273764,Avicii
11162160084,Ellie Goulding
11162160084,Groundation
21gt55n63swkgukdfd5tvfyni,Mak Donal
0ouulsc6ctbz5ltg2omihfqwt,La Separación
11162160084,El Kuelgue
0ouulsc6ctbz5ltg2omihfqwt,will.i.am
0ouulsc6ctbz5ltg2omihfqwt,J Balvin
11162160084,Indios
0ouulsc6ctbz5ltg2omihfqwt,Lost Frequencies
312qstfzf22tj2gcjdiuvemhmwyq,
21gt55n63swkgukdfd5tvfyni,Tobias Medrano
,The Weeknd
11162160084,Bruno Major
21gt55n63swkgukdfd5tvfyni,Shé
21gt55n63swkgukdfd5tvfyni,J Balvin
0ouulsc6ctbz5ltg2omihfqwt,Christian Nodal
0ouulsc6ctbz5ltg2omihfqwt,Cyndi Lauper
0ouulsc6ctbz5ltg2omihfqwt,Sia
v5mpy3p5frqopl4neewnvnj68,Amar Azul
v5mpy3p5frqopl4neewnvnj68,El Polaco
0ouulsc6ctbz5ltg2omihfqwt,Sean Kingston
0ouulsc6ctbz5ltg2omihfqwt,Tainy
11162160084,Tom Rosenthal
0ouulsc6ctbz5ltg2omihfqwt,Black Sabbath
312qstfzf22tj2gcjdiuvemhmwyq,S3RL
11162160084,Porter Robinson
11162160084,Spandau Ballet
0ouulsc6ctbz5ltg2omihfqwt,Edith Whiskers
312qstfzf22tj2gcjdiuvemhmwyq,El negro tecla
0ouulsc6ctbz5ltg2omihfqwt,CMTEN
21gt55n63swkgukdfd5tvfyni,Bizarrap
11178273764,Desiigner
11178273764,Marsal Ventura
0ouulsc6ctbz5ltg2omihfqwt,Morat
312qstfzf22tj2gcjdiuvemhmwyq,Manuel Turizo
11162160084,Simply Red
21gt55n63swkgukdfd5tvfyni,WOS
0ouulsc6ctbz5ltg2omihfqwt,Melanie Martinez
0ouulsc6ctbz5ltg2omihfqwt,Arctic Monkeys
11162160084,The Police
11162160084,U2
21gt55n63swkgukdfd5tvfyni,La Roca Callejera
0ouulsc6ctbz5ltg2omihfqwt,Au/Ra
21gt55n63swkgukdfd5tvfyni,Zion & Lennox
0ouulsc6ctbz5ltg2omihfqwt,Duelo
11162160084,Natti Natasha
v5mpy3p5frqopl4neewnvnj68,Leo Mattioli
11162160084,Gary Moore
11162160084,Passenger
v5mpy3p5frqopl4neewnvnj68,Rafaga
v5mpy3p5frqopl4neewnvnj68,Fer Palacio
21gt55n63swkgukdfd5tvfyni,"\\""RAK'"
11162160084,SOJA
11162160084,Richard Marx
,Bad Bunny
11178273764,Mano Arriba
v5mpy3p5frqopl4neewnvnj68,El Dipy
312qstfzf22tj2gcjdiuvemhmwyq,Perro Primo
21gt55n63swkgukdfd5tvfyni,Dímelo Flow
0ouulsc6ctbz5ltg2omihfqwt,Ulices Chaidez Y Sus Plebes
0ouulsc6ctbz5ltg2omihfqwt,La Original Banda El Limón de Salvador Lizárraga
312qstfzf22tj2gcjdiuvemhmwyq,Luck Ra
11162160084,Foreigner
0ouulsc6ctbz5ltg2omihfqwt,Various Artists
0ouulsc6ctbz5ltg2omihfqwt,Green Day
11178273764,JAY-Z
0ouulsc6ctbz5ltg2omihfqwt,Erik Alexander
v5mpy3p5frqopl4neewnvnj68,El Jarra
21gt55n63swkgukdfd5tvfyni,Critika y Saik
v5mpy3p5frqopl4neewnvnj68,Los Turros
0ouulsc6ctbz5ltg2omihfqwt,Queen
v5mpy3p5frqopl4neewnvnj68,
11162160084,Heart
0ouulsc6ctbz5ltg2omihfqwt,Bad Bunny
31budo5i3nsrncwau6zqvka6hlgy,Bad Bunny
0ouulsc6ctbz5ltg2omihfqwt,Alfredo Olivas
21gt55n63swkgukdfd5tvfyni,Sech
21gt55n63swkgukdfd5tvfyni,KYOTTO
0ouulsc6ctbz5ltg2omihfqwt,AC/DC
0ouulsc6ctbz5ltg2omihfqwt,Alta Consigna
v5mpy3p5frqopl4neewnvnj68,El Dog
v5mpy3p5frqopl4neewnvnj68,Los Cachi
,Amenazzy
31budo5i3nsrncwau6zqvka6hlgy,ROSALÍA
11162160084,Elton John
21gt55n63swkgukdfd5tvfyni,OneRepublic
0ouulsc6ctbz5ltg2omihfqwt,Julieta Venegas
21gt55n63swkgukdfd5tvfyni,Juanfran
,La La Love You
v5mpy3p5frqopl4neewnvnj68,Karina
11178273764,Don Diablo
11162160084,Roxette
312qstfzf22tj2gcjdiuvemhmwyq,Riton
0ouulsc6ctbz5ltg2omihfqwt,Chord Overstreet
,Morat
312qstfzf22tj2gcjdiuvemhmwyq,Duki
,Ed Maverick
11162160084,Vance Joy
0ouulsc6ctbz5ltg2omihfqwt,Paloma Mami
21gt55n63swkgukdfd5tvfyni,Tiago PZK
11162160084,Whitesnake
0ouulsc6ctbz5ltg2omihfqwt,Ashe
0ouulsc6ctbz5ltg2omihfqwt,Bacilos
312qstfzf22tj2gcjdiuvemhmwyq,Steve Angello
312qstfzf22tj2gcjdiuvemhmwyq,ROSALÍA
0ouulsc6ctbz5ltg2omihfqwt,Eladio Carrion
11162160084,Andrés Calamaro
11162160084,SLANDER
11178273764,DJ Snake
11162160084,Oasis
0ouulsc6ctbz5ltg2omihfqwt,Anson Seabra
0ouulsc6ctbz5ltg2omihfqwt,
11178273764,
21gt55n63swkgukdfd5tvfyni,Emanero
v5mpy3p5frqopl4neewnvnj68,Frijo
21gt55n63swkgukdfd5tvfyni,Oscu
11162160084,
21gt55n63swkgukdfd5tvfyni,G Sony
21gt55n63swkgukdfd5tvfyni,Lytos
0ouulsc6ctbz5ltg2omihfqwt,Tom Petty and the Heartbreakers
11162160084,Keane
11162160084,TOTO
21gt55n63swkgukdfd5tvfyni,Myke Towers
312qstfzf22tj2gcjdiuvemhmwyq,Julianno Sosa
21gt55n63swkgukdfd5tvfyni,La T y La M
31budo5i3nsrncwau6zqvka6hlgy,Emilia
v5mpy3p5frqopl4neewnvnj68,Ke Kumbia
21gt55n63swkgukdfd5tvfyni,La Kuppe
0ouulsc6ctbz5ltg2omihfqwt,Coldplay
312qstfzf22tj2gcjdiuvemhmwyq,Paulo Londra
,Belanova
312qstfzf22tj2gcjdiuvemhmwyq,Imanbek
312qstfzf22tj2gcjdiuvemhmwyq,Tiago PZK
0ouulsc6ctbz5ltg2omihfqwt,Kevin Kaarl
21gt55n63swkgukdfd5tvfyni,
0ouulsc6ctbz5ltg2omihfqwt,Katy Perry
312qstfzf22tj2gcjdiuvemhmwyq,Locura Mix
11162160084,Scorpions
0ouulsc6ctbz5ltg2omihfqwt,Jesse & Joy
21gt55n63swkgukdfd5tvfyni,Kevin Roldan
v5mpy3p5frqopl4neewnvnj68,LemonChamp
0ouulsc6ctbz5ltg2omihfqwt,Sarah Cothran
11162160084,Twenty One Pilots
0ouulsc6ctbz5ltg2omihfqwt,Mother Mother
0ouulsc6ctbz5ltg2omihfqwt,Maluma
,Jesse & Joy
0ouulsc6ctbz5ltg2omihfqwt,Los Plebes del Rancho de Ariel Camacho
21gt55n63swkgukdfd5tvfyni,Legarda
11162160084,Joe Cocker
0ouulsc6ctbz5ltg2omihfqwt,Ed Sheeran
,
,Taylor Swift
0ouulsc6ctbz5ltg2omihfqwt,La La Love You
31budo5i3nsrncwau6zqvka6hlgy,Oscu
0ouulsc6ctbz5ltg2omihfqwt,Glass Animals
0ouulsc6ctbz5ltg2omihfqwt,Kodaline
v5mpy3p5frqopl4neewnvnj68,El Feli
11162160084,Genesis
0ouulsc6ctbz5ltg2omihfqwt,David Bisbal
11162160084,Johnny Logan
312qstfzf22tj2gcjdiuvemhmwyq,Tiësto
0ouulsc6ctbz5ltg2omihfqwt,KISS
0ouulsc6ctbz5ltg2omihfqwt,Natalia Lafourcade
v5mpy3p5frqopl4neewnvnj68,Karen Paz
11162160084,Rod Stewart
0ouulsc6ctbz5ltg2omihfqwt,Ariana Grande
v5mpy3p5frqopl4neewnvnj68,DEIDE
v5mpy3p5frqopl4neewnvnj68,Mala Fama
0ouulsc6ctbz5ltg2omihfqwt,Kings of Leon
11162160084,Phil Collins
11162160084,Olivia Rodrigo
0ouulsc6ctbz5ltg2omihfqwt,Jay Wheeler
21gt55n63swkgukdfd5tvfyni,Perro Primo
21gt55n63swkgukdfd5tvfyni,Yan Block
312qstfzf22tj2gcjdiuvemhmwyq,Rauw Alejandro
21gt55n63swkgukdfd5tvfyni,The La Planta
0ouulsc6ctbz5ltg2omihfqwt,Rauw Alejandro
11162160084,Chris de Burgh
v5mpy3p5frqopl4neewnvnj68,Damas Gratis
11162160084,Bastille
312qstfzf22tj2gcjdiuvemhmwyq,Zion & Lennox
21gt55n63swkgukdfd5tvfyni,Diel Paris
31budo5i3nsrncwau6zqvka6hlgy,Duki
312qstfzf22tj2gcjdiuvemhmwyq,Bizarrap
21gt55n63swkgukdfd5tvfyni,Pablo Chill-E
0ouulsc6ctbz5ltg2omihfqwt,Grupo Arranke
0ouulsc6ctbz5ltg2omihfqwt,The Greg Kihn Band
0ouulsc6ctbz5ltg2omihfqwt,La Arrolladora Banda El Limón De Rene Camacho
0ouulsc6ctbz5ltg2omihfqwt,DeathbyRomy
v5mpy3p5frqopl4neewnvnj68,18 Kilates
0ouulsc6ctbz5ltg2omihfqwt,Labrinth
0ouulsc6ctbz5ltg2omihfqwt,Ed Maverick
0ouulsc6ctbz5ltg2omihfqwt,Grupo Firme
0ouulsc6ctbz5ltg2omihfqwt,Calibre 50
0ouulsc6ctbz5ltg2omihfqwt,Steppenwolf
v5mpy3p5frqopl4neewnvnj68,"\\""Hernan y La Champion's Lig"
31budo5i3nsrncwau6zqvka6hlgy,Mora
0ouulsc6ctbz5ltg2omihfqwt,David Bowie
31budo5i3nsrncwau6zqvka6hlgy,Rei
v5mpy3p5frqopl4neewnvnj68,Pala Ancha
11162160084,Lionel Richie
31budo5i3nsrncwau6zqvka6hlgy,Morat
21gt55n63swkgukdfd5tvfyni,Mora
21gt55n63swkgukdfd5tvfyni,Mike Towe
0ouulsc6ctbz5ltg2omihfqwt,The Aquadolls
11178273764,Migrantes
11178273764,Jack Ü
21gt55n63swkgukdfd5tvfyni,Dante
11178273764,R3HAB
11178273764,Skrillex
0ouulsc6ctbz5ltg2omihfqwt,Luis Miguel
11162160084,CORBAL
312qstfzf22tj2gcjdiuvemhmwyq,MYA
21gt55n63swkgukdfd5tvfyni,Bruno LC
21gt55n63swkgukdfd5tvfyni,Nio Garcia
312qstfzf22tj2gcjdiuvemhmwyq,Masked Wolf
21gt55n63swkgukdfd5tvfyni,Ed Sheeran
0ouulsc6ctbz5ltg2omihfqwt,El David
21gt55n63swkgukdfd5tvfyni,Rei
0ouulsc6ctbz5ltg2omihfqwt,Danny Ocean
21gt55n63swkgukdfd5tvfyni,De La Ghetto
v5mpy3p5frqopl4neewnvnj68,La Champions Liga
v5mpy3p5frqopl4neewnvnj68,Grupo Play
0ouulsc6ctbz5ltg2omihfqwt,Belanova
0ouulsc6ctbz5ltg2omihfqwt,Bea Miller
v5mpy3p5frqopl4neewnvnj68,"\\""Lo' Pibito"
11178273764,Gazzo
11162160084,OneRepublic
,Ajmw
,Olivia Rodrigo
31budo5i3nsrncwau6zqvka6hlgy,Luck Ra
11162160084,M83
21gt55n63swkgukdfd5tvfyni,BM
11178273764,Linkin Park
21gt55n63swkgukdfd5tvfyni,Kaleb Di Masi
21gt55n63swkgukdfd5tvfyni,Rauw Alejandro
21gt55n63swkgukdfd5tvfyni,Trueno
0ouulsc6ctbz5ltg2omihfqwt,Stephen Sanchez
11178273764,Tujamo
v5mpy3p5frqopl4neewnvnj68,Marama
11162160084,Cruzando El Charco
v5mpy3p5frqopl4neewnvnj68,Repiola
0ouulsc6ctbz5ltg2omihfqwt,Halsey
0ouulsc6ctbz5ltg2omihfqwt,Micro TDH
0ouulsc6ctbz5ltg2omihfqwt,Nanpa Básico
v5mpy3p5frqopl4neewnvnj68,Dame 5
312qstfzf22tj2gcjdiuvemhmwyq,Sael
v5mpy3p5frqopl4neewnvnj68,El Reja
0ouulsc6ctbz5ltg2omihfqwt,Jerry Demara
21gt55n63swkgukdfd5tvfyni,Jupa Necasek
11162160084,Alphaville
11162160084,Los Huayra
31budo5i3nsrncwau6zqvka6hlgy,Rels B
21gt55n63swkgukdfd5tvfyni,Los Ángeles Azules
0ouulsc6ctbz5ltg2omihfqwt,Charlie Puth
0ouulsc6ctbz5ltg2omihfqwt,Giovanny Ayala
0ouulsc6ctbz5ltg2omihfqwt,a-ha
31budo5i3nsrncwau6zqvka6hlgy,Polimá Westcoast
0ouulsc6ctbz5ltg2omihfqwt,Lewis Capaldi
,Manuel Turizo
0ouulsc6ctbz5ltg2omihfqwt,Ulices Chaidez
11162160084,demxntia
0ouulsc6ctbz5ltg2omihfqwt,Los De La Noria
11162160084,Michael Bolton
v5mpy3p5frqopl4neewnvnj68,Infinito
0ouulsc6ctbz5ltg2omihfqwt,T3R Elemento
21gt55n63swkgukdfd5tvfyni,Rvfv
21gt55n63swkgukdfd5tvfyni,Bad Bunny
21gt55n63swkgukdfd5tvfyni,Fuego
21gt55n63swkgukdfd5tvfyni,Dalex
21gt55n63swkgukdfd5tvfyni,Tainy
21gt55n63swkgukdfd5tvfyni,MVSI
21gt55n63swkgukdfd5tvfyni,Super Yei
v5mpy3p5frqopl4neewnvnj68,Pibes Chorros
21gt55n63swkgukdfd5tvfyni,Axel Caram
0ouulsc6ctbz5ltg2omihfqwt,Banda Los Sebastianes
21gt55n63swkgukdfd5tvfyni,Salastkbron
v5mpy3p5frqopl4neewnvnj68,Pekeño 77
21gt55n63swkgukdfd5tvfyni,La Joaqui
0ouulsc6ctbz5ltg2omihfqwt,Kat Glaze
312qstfzf22tj2gcjdiuvemhmwyq,Rusherking
0ouulsc6ctbz5ltg2omihfqwt,Jaymes Young
,namucok
0ouulsc6ctbz5ltg2omihfqwt,Billie Eilish
,The Killers
0ouulsc6ctbz5ltg2omihfqwt,Black Eyed Peas
21gt55n63swkgukdfd5tvfyni,Alex Rose
0ouulsc6ctbz5ltg2omihfqwt,The White Stripes
11162160084,a-ha
11178273764,Deorro
21gt55n63swkgukdfd5tvfyni,Cyclo
0ouulsc6ctbz5ltg2omihfqwt,Dudi
21gt55n63swkgukdfd5tvfyni,Ke Personajes
21gt55n63swkgukdfd5tvfyni,Bryant Myers
0ouulsc6ctbz5ltg2omihfqwt,Neto Bernal
21gt55n63swkgukdfd5tvfyni,Ozuna
11162160084,Joji
0ouulsc6ctbz5ltg2omihfqwt,Joss Favela
21gt55n63swkgukdfd5tvfyni,Anuel AA
31budo5i3nsrncwau6zqvka6hlgy,Manuel Turizo
0ouulsc6ctbz5ltg2omihfqwt,Alan Walker
11162160084,Ruel
21gt55n63swkgukdfd5tvfyni,Paulo Londra
0ouulsc6ctbz5ltg2omihfqwt,Madilyn Bailey
31budo5i3nsrncwau6zqvka6hlgy,Zion & Lennox
0ouulsc6ctbz5ltg2omihfqwt,Glimmer of Blooms
